Dataset Name,Node Homophily Index
roman_empire,0.046047879669140535
wisconsin,0.13410720894719325
amazon_ratings,0.37570721671033996
PT,0.6338485571475815
tolokers,0.6344469192887167
DE,0.6425342173324096
ES,0.6615035608051378
CiteSeer,0.706249161762248
computers,0.785308474351687
PubMed,0.7924123137418564
Cora,0.8251578275927919
CS,0.8320007604872487
photo,0.8364913264388311
Physics,0.9152769878476997
